{
  "STS12": {
    "main_score": 0.723690202472604
  },
  "STS13": {
    "main_score": 0.8060316722220763
  },
  "STS14": {
    "main_score": 0.7558912800301661
  },
  "STS15": {
    "main_score": 0.8538963873982537
  },
  "STS16": {
    "main_score": 0.7898945343973262
  },
  "STSBenchmark": {
    "main_score": 0.8203246731235654
  },
  "SICK-R": {
    "main_score": 0.7758244673689608
  }
}