{
  "STS12": {
    "main_score": 0.3897274720566227
  },
  "STS13": {
    "main_score": 0.5317258012950521
  },
  "STS14": {
    "main_score": 0.41963366984532174
  },
  "STS15": {
    "main_score": 0.6298761405099326
  },
  "STS16": {
    "main_score": 0.586972970421506
  },
  "STSBenchmark": {
    "main_score": 0.5107601049404713
  },
  "SICK-R": {
    "main_score": 0.5808211589227665
  }
}