{
  "STS12": {
    "main_score": 0.7432890589233044
  },
  "STS13": {
    "main_score": 0.8088313237436127
  },
  "STS14": {
    "main_score": 0.753950098401843
  },
  "STS15": {
    "main_score": 0.8484257673329119
  },
  "STS16": {
    "main_score": 0.7812201670627728
  },
  "STSBenchmark": {
    "main_score": 0.7990271400972161
  },
  "SICK-R": {
    "main_score": 0.7241187559587116
  }
}