{
  "STS12": {
    "main_score": 0.6971963619896463
  },
  "STS13": {
    "main_score": 0.7401629412743432
  },
  "STS14": {
    "main_score": 0.7008176060214034
  },
  "STS15": {
    "main_score": 0.8163946917492457
  },
  "STS16": {
    "main_score": 0.7627709129321535
  },
  "STSBenchmark": {
    "main_score": 0.7711965781952772
  },
  "SICK-R": {
    "main_score": 0.6822737699455418
  }
}