{
  "STS12": {
    "main_score": 0.7519430935955929
  },
  "STS13": {
    "main_score": 0.8435735216627465
  },
  "STS14": {
    "main_score": 0.8089436772985769
  },
  "STS15": {
    "main_score": 0.8715074896837713
  },
  "STS16": {
    "main_score": 0.795633789140112
  },
  "STSBenchmark": {
    "main_score": 0.8158385155538571
  },
  "SICK-R": {
    "main_score": 0.734896180908891
  }
}