{
  "STS12": {
    "main_score": 0.7473407073482922
  },
  "STS13": {
    "main_score": 0.851325933095082
  },
  "STS14": {
    "main_score": 0.8215645935262231
  },
  "STS15": {
    "main_score": 0.8750003062495503
  },
  "STS16": {
    "main_score": 0.8009481178072493
  },
  "STSBenchmark": {
    "main_score": 0.8183610741182755
  },
  "SICK-R": {
    "main_score": 0.7341261771800348
  }
}