{
  "STS12": {
    "main_score": 0.6792677615870903
  },
  "STS13": {
    "main_score": 0.7423462383035855
  },
  "STS14": {
    "main_score": 0.6942355303904737
  },
  "STS15": {
    "main_score": 0.7973033730302351
  },
  "STS16": {
    "main_score": 0.7500418506284774
  },
  "STSBenchmark": {
    "main_score": 0.7619347620114156
  },
  "SICK-R": {
    "main_score": 0.6586583973269758
  }
}