{
  "STS12": {
    "main_score": 0.7506011855413742
  },
  "STS13": {
    "main_score": 0.854806028472625
  },
  "STS14": {
    "main_score": 0.8275562097805558
  },
  "STS15": {
    "main_score": 0.8773172390926196
  },
  "STS16": {
    "main_score": 0.8008519093688248
  },
  "STSBenchmark": {
    "main_score": 0.8189353015080065
  },
  "SICK-R": {
    "main_score": 0.7346518823815943
  }
}