{
  "STS12": {
    "main_score": 0.6991573699824359
  },
  "STS13": {
    "main_score": 0.7417059469999681
  },
  "STS14": {
    "main_score": 0.701114874384149
  },
  "STS15": {
    "main_score": 0.8132434672322997
  },
  "STS16": {
    "main_score": 0.7620394223341126
  },
  "STSBenchmark": {
    "main_score": 0.7705792427127715
  },
  "SICK-R": {
    "main_score": 0.6817329985221254
  }
}