{
  "STS12": {
    "main_score": 0.7490782949157825
  },
  "STS13": {
    "main_score": 0.8498269328720865
  },
  "STS14": {
    "main_score": 0.8158933062725946
  },
  "STS15": {
    "main_score": 0.8720847873703037
  },
  "STS16": {
    "main_score": 0.79872374368619
  },
  "STSBenchmark": {
    "main_score": 0.8170982418355568
  },
  "SICK-R": {
    "main_score": 0.7316313922131553
  }
}