{
  "STS12": {
    "main_score": 0.7417516618631006
  },
  "STS13": {
    "main_score": 0.8037990957080384
  },
  "STS14": {
    "main_score": 0.7497684081812481
  },
  "STS15": {
    "main_score": 0.8445239245109958
  },
  "STS16": {
    "main_score": 0.7800521484613553
  },
  "STSBenchmark": {
    "main_score": 0.7977709554928852
  },
  "SICK-R": {
    "main_score": 0.725797927657462
  }
}