{
  "STS12": {
    "main_score": 0.7474073501106161
  },
  "STS13": {
    "main_score": 0.8513047477642379
  },
  "STS14": {
    "main_score": 0.8214741269230458
  },
  "STS15": {
    "main_score": 0.8749569511628784
  },
  "STS16": {
    "main_score": 0.8009123050642999
  },
  "STSBenchmark": {
    "main_score": 0.818320212545017
  },
  "SICK-R": {
    "main_score": 0.734051995315693
  }
}