{
  "STS12": {
    "main_score": 0.7511339187001657
  },
  "STS13": {
    "main_score": 0.8484951447351284
  },
  "STS14": {
    "main_score": 0.8141269606516597
  },
  "STS15": {
    "main_score": 0.8726126380171251
  },
  "STS16": {
    "main_score": 0.7969967164789561
  },
  "STSBenchmark": {
    "main_score": 0.8169623840829549
  },
  "SICK-R": {
    "main_score": 0.7334131409588618
  }
}