{
  "STS12": {
    "main_score": 0.5615005122501104
  },
  "STS13": {
    "main_score": 0.6064348056106619
  },
  "STS14": {
    "main_score": 0.5591627852121827
  },
  "STS15": {
    "main_score": 0.7174883848002414
  },
  "STS16": {
    "main_score": 0.6819290125277223
  },
  "STSBenchmark": {
    "main_score": 0.6332012832447065
  },
  "SICK-R": {
    "main_score": 0.6318853520340442
  }
}