{
  "STS12": {
    "main_score": 0.6987058050453594
  },
  "STS13": {
    "main_score": 0.7419821098554368
  },
  "STS14": {
    "main_score": 0.6998939525871609
  },
  "STS15": {
    "main_score": 0.8095885789739746
  },
  "STS16": {
    "main_score": 0.759743031889886
  },
  "STSBenchmark": {
    "main_score": 0.768993167358478
  },
  "SICK-R": {
    "main_score": 0.6786224774666666
  }
}