{
  "STS12": {
    "main_score": 0.2059270003869492
  },
  "STS13": {
    "main_score": 0.26453106511832647
  },
  "STS14": {
    "main_score": 0.22164037201507486
  },
  "STS15": {
    "main_score": 0.3837995691664353
  },
  "STS16": {
    "main_score": 0.32861440195771735
  },
  "STSBenchmark": {
    "main_score": 0.24640141710330962
  },
  "SICK-R": {
    "main_score": 0.3594719854205986
  }
}