{
  "STS12": {
    "main_score": 0.6991585947873312
  },
  "STS13": {
    "main_score": 0.741706494417013
  },
  "STS14": {
    "main_score": 0.7011144499550478
  },
  "STS15": {
    "main_score": 0.8132434164073983
  },
  "STS16": {
    "main_score": 0.7620394223341126
  },
  "STSBenchmark": {
    "main_score": 0.7705805727369082
  },
  "SICK-R": {
    "main_score": 0.6817328670666265
  }
}