{
  "STS12": {
    "main_score": 0.6235984253232653
  },
  "STS13": {
    "main_score": 0.6971656192731994
  },
  "STS14": {
    "main_score": 0.6350493835214014
  },
  "STS15": {
    "main_score": 0.7723914731655532
  },
  "STS16": {
    "main_score": 0.7285465645848833
  },
  "STSBenchmark": {
    "main_score": 0.705338868238733
  },
  "SICK-R": {
    "main_score": 0.657216642242134
  }
}